{
  "alcohol": 0.14096473819832883,
  "malic_acid": 0.02886005698481687,
  "ash": 0.01169588359270521,
  "alcalinity_of_ash": 0.03252388029812102,
  "magnesium": 0.03343541187548371,
  "total_phenols": 0.059039883355053856,
  "flavanoids": 0.16663530689561332,
  "nonflavanoid_phenols": 0.006030241278909235,
  "proanthocyanins": 0.0316413498464362,
  "color_intensity": 0.1805830317016479,
  "hue": 0.08576434233528503,
  "od280/od315_of_diluted_wines": 0.09553577726121724,
  "proline": 0.12729009637638147
}